id_kabkota,kab_kota,prov,total_prod,loss_multi_nonclimate_rp25,loss_multi_nonclimate_rp50,loss_multi_nonclimate_rp100,loss_multi_nonclimate_rp250,loss_multi_climate_rp25,loss_multi_climate_rp50,loss_multi_climate_rp100,loss_multi_climate_rp250,aal_nonclimate_v2,aal_climate_v2
1101,Aceh Selatan,Aceh,30288.69,,,,,,,,,,
1102,Aceh Tenggara,Aceh,69478.52,,,,,,,,,,
1103,Aceh Timur,Aceh,130151.43,,,,,,,,,,
1104,Aceh Tengah,Aceh,13757.16,,,,,,,,,,
1105,Aceh Barat,Aceh,63136.39,,,,,,,,,,
1106,Aceh Besar,Aceh,200097.22,,,,,,,,,,
1107,Pidie,Aceh,188438.42,,,,,,,,,,
1108,Aceh Utara,Aceh,323839.47,,,,,,,,,,
1109,Simeulue,Aceh,11648.15,,,,,,,,,,
1110,Aceh Singkil,Aceh,2203.58,,,,,,,,,,
1111,Bireuen,Aceh,137057.19,,,,,,,,,,
1112,Aceh Barat Daya,Aceh,68350.84,,,,,,,,,,
1113,Gayo Lues,Aceh,28634.5,,,,,,,,,,
1114,Aceh Jaya,Aceh,42784.33,,,,,,,,,,
1115,Nagan Raya,Aceh,32185.63,,,,,,,,,,
1116,Aceh Tamiang,Aceh,59902.25,,,,,,,,,,
1117,Bener Meriah,Aceh,1715.62,,,,,,,,,,
1118,Pidie Jaya,Aceh,88469.06,,,,,,,,,,
1171,Banda Aceh,Aceh,72.97,,,,,,,,,,
1172,Sabang,Aceh,0.0,,,,,,,,,,
1173,Lhokseumawe,Aceh,9899.07,,,,,,,,,,
1174,Langsa,Aceh,7101.39,,,,,,,,,,
1175,Subulussalam,Aceh,244.58,,,,,,,,,,
1201,Tapanuli Tengah,Sumatera Utara,48181.74,,,,,,,,,,
1202,Tapanuli Utara,Sumatera Utara,125645.1,,,,,,,,,,
1203,Tapanuli Selatan,Sumatera Utara,98843.26,,,,,,,,,,
1204,Nias,Sumatera Utara,35244.47,,,,,,,,,,
1205,Langkat,Sumatera Utara,115310.3,,,,,,,,,,
1206,Karo,Sumatera Utara,63451.43,,,,,,,,,,
1207,Deli Serdang,Sumatera Utara,331769.5,,,,,,,,,,
1208,Simalungun,Sumatera Utara,143008.9,,,,,,,,,,
1209,Asahan,Sumatera Utara,65692.71,,,,,,,,,,
1210,Labuhanbatu,Sumatera Utara,82642.09,,,,,,,,,,
1211,Dairi,Sumatera Utara,34934.89,,,,,,,,,,
1212,Toba,Sumatera Utara,102802.3,,,,,,,,,,
1213,Mandailing Natal,Sumatera Utara,82436.28,,,,,,,,,,
1214,Nias Selatan,Sumatera Utara,43037.79,,,,,,,,,,
1215,Pakpak Bharat,Sumatera Utara,5212.74,,,,,,,,,,
1216,Humbang Hasundutan,Sumatera Utara,65908.05,,,,,,,,,,
1217,Samosir,Sumatera Utara,38052.33,,,,,,,,,,
1218,Serdang Bedagai,Sumatera Utara,298314.7,,,,,,,,,,
1219,Batu Bara,Sumatera Utara,68430.96,,,,,,,,,,
1220,Padang Lawas Utara,Sumatera Utara,29247.18,,,,,,,,,,
1221,Padang Lawas,Sumatera Utara,27674.56,,,,,,,,,,
1222,Labuhanbatu Selatan,Sumatera Utara,403.84,,,,,,,,,,
1223,Labuhanbatu Utara,Sumatera Utara,79223.04,,,,,,,,,,
1224,Nias Utara,Sumatera Utara,39122.95,,,,,,,,,,
1225,Nias Barat,Sumatera Utara,10228.82,,,,,,,,,,
1271,Medan,Sumatera Utara,5854.91,,,,,,,,,,
1272,Pematangsiantar,Sumatera Utara,11490.47,,,,,,,,,,
1273,Sibolga,Sumatera Utara,0.0,,,,,,,,,,
1274,Tanjung Balai,Sumatera Utara,348.41,,,,,,,,,,
1275,Binjai,Sumatera Utara,6342.59,,,,,,,,,,
1276,Tebing Tinggi,Sumatera Utara,2310.46,,,,,,,,,,
1277,Padangsidimpuan,Sumatera Utara,17769.03,,,,,,,,,,
1278,Gunungsitoli,Sumatera Utara,9647.98,,,,,,,,,,
1301,Pesisir Selatan,Sumatera Barat,161638.55,,,,,,,,,,
1302,Solok,Sumatera Barat,179316.1,,,,,,,,,,
1303,Sijunjung,Sumatera Barat,53949.21,,,,,,,,,,
1304,Tanah Datar,Sumatera Barat,169881.11,,,,,,,,,,
1305,Padang Pariaman,Sumatera Barat,135072.49,,,,,,,,,,
1306,Agam,Sumatera Barat,137633.42,,,,,,,,,,
1307,Lima Puluh Kota,Sumatera Barat,118608.29,,,,,,,,,,
1308,Pasaman,Sumatera Barat,144110.46,,,,,,,,,,
1309,Kepulauan Mentawai,Sumatera Barat,1387.33,,,,,,,,,,
1310,Dharmasraya,Sumatera Barat,47554.99,,,,,,,,,,
1311,Solok Selatan,Sumatera Barat,49760.15,,,,,,,,,,
1312,Pasaman Barat,Sumatera Barat,50317.46,,,,,,,,,,
1371,Padang,Sumatera Barat,45241.87,,,,,,,,,,
1372,Solok,Sumatera Barat,13946.12,,,,,,,,,,
1373,Sawahlunto,Sumatera Barat,11600.3,,,,,,,,,,
1374,Padang Panjang,Sumatera Barat,5789.0,,,,,,,,,,
1375,Bukittinggi,Sumatera Barat,4082.69,,,,,,,,,,
1376,Payakumbuh,Sumatera Barat,27223.71,,,,,,,,,,
1377,Pariaman,Sumatera Barat,16418.94,,,,,,,,,,
1401,Kampar,Riau,11663.19,,,,,,,,,,
1402,Indragiri Hulu,Riau,3672.09,,,,,,,,,,
1403,Bengkalis,Riau,15167.82,,,,,,,,,,
1404,Indragiri Hilir,Riau,57471.26,,,,,,,,,,
1405,Pelalawan,Riau,18942.42,,,,,,,,,,
1406,Rokan Hulu,Riau,5849.07,,,,,,,,,,
1407,Rokan Hilir,Riau,34456.04,,,,,,,,,,
1408,Siak,Riau,29463.62,,,,,,,,,,
1409,Kuantan Singingi,Riau,21360.81,,,,,,,,,,
1410,Kepulauan Meranti,Riau,6134.99,,,,,,,,,,
1471,Pekanbaru,Riau,0.0,,,,,,,,,,
1472,Dumai,Riau,9375.92,,,,,,,,,,
1501,Kerinci,Jambi,87517.43,,,,,,,,,,
1502,Merangin,Jambi,23019.21,,,,,,,,,,
1503,Sarolangun,Jambi,13470.68,,,,,,,,,,
1504,Batanghari,Jambi,22383.81,,,,,,,,,,
1505,Muaro Jambi,Jambi,18599.51,,,,,,,,,,
1506,Tanjung Jabung Barat,Jambi,14339.58,,,,,,,,,,
1507,Tanjung Jabung Timur,Jambi,24562.32,,,,,,,,,,
1508,Bungo,Jambi,17110.03,,,,,,,,,,
1509,Tebo,Jambi,19561.77,,,,,,,,,,
1571,Jambi,Jambi,1298.62,,,,,,,,,,
1572,Sungai Penuh,Jambi,35880.87,,,,,,,,,,
1601,Ogan Komering Ulu,Sumatera Selatan,13784.51,,,,,,,,,,
1602,Ogan Komering Ilir,Sumatera Selatan,534586.78,,,,,,,,,,
1603,Muara Enim,Sumatera Selatan,55650.55,,,,,,,,,,
1604,Lahat,Sumatera Selatan,74549.71,,,,,,,,,,
1605,Musi Rawas,Sumatera Selatan,100005.52,,,,,,,,,,
1606,Musi Banyuasin,Sumatera Selatan,144445.74,,,,,,,,,,
1607,Banyuasin,Sumatera Selatan,897427.6,,,,,,,,,,
1608,Ogan Komering Ulu Timur,Sumatera Selatan,701509.52,,,,,,,,,,
1609,Ogan Komering Ulu Selatan,Sumatera Selatan,39203.3,,,,,,,,,,
1610,Ogan Ilir,Sumatera Selatan,104927.85,,,,,,,,,,
1611,Empat Lawang,Sumatera Selatan,39687.3,,,,,,,,,,
1612,Penukal Abab Lematang Ilir,Sumatera Selatan,22573.26,,,,,,,,,,
1613,Musi Rawas Utara,Sumatera Selatan,12304.47,,,,,,,,,,
1671,Palembang,Sumatera Selatan,11067.82,,,,,,,,,,
1672,Pagar Alam,Sumatera Selatan,16820.27,,,,,,,,,,
1673,Lubuk Linggau,Sumatera Selatan,6381.94,,,,,,,,,,
1674,Prabumulih,Sumatera Selatan,143.12,,,,,,,,,,
1701,Bengkulu Selatan,Bengkulu,50237.54,,,,,,,,,,
1702,Rejang Lebong,Bengkulu,35899.06,,,,,,,,,,
1703,Bengkulu Utara,Bengkulu,19728.24,,,,,,,,,,
1704,Kaur,Bengkulu,24207.7,,,,,,,,,,
1705,Seluma,Bengkulu,43588.0,,,,,,,,,,
1706,Muko Muko,Bengkulu,31370.91,,,,,,,,,,
1707,Lebong,Bengkulu,50510.99,,,,,,,,,,
1708,Kepahiang,Bengkulu,14986.45,,,,,,,,,,
1709,Bengkulu Tengah,Bengkulu,5271.28,,,,,,,,,,
1771,Bengkulu,Bengkulu,5809.92,,,,,,,,,,
1801,Lampung Selatan,Lampung,339941.87,,,,,,,,,,
1802,Lampung Tengah,Lampung,566601.47,,,,,,,,,,
1803,Lampung Utara,Lampung,63452.76,,,,,,,,,,
1804,Lampung Barat,Lampung,62802.09,,,,,,,,,,
1805,Tulang Bawang,Lampung,268323.74,,,,,,,,,,
1806,Tanggamus,Lampung,128674.92,,,,,,,,,,
1807,Lampung Timur,Lampung,449294.9,,,,,,,,,,
1808,Way Kanan,Lampung,100985.27,,,,,,,,,,
1809,Pesawaran,Lampung,130558.89,,,,,,,,,,
1810,Pringsewu,Lampung,137096.53,,,,,,,,,,
1811,Mesuji,Lampung,296934.72,,,,,,,,,,
1812,Tulang Bawang Barat,Lampung,50700.33,,,,,,,,,,
1813,Pesisir Barat,Lampung,60772.93,,,,,,,,,,
1871,Bandar Lampung,Lampung,2721.97,,,,,,,,,,
1872,Metro,Lampung,29297.35,,,,,,,,,,
1901,Bangka,Kepulauan Bangka Belitung,4574.6,,,,,,,,,,
1902,Belitung,Kepulauan Bangka Belitung,807.06,,,,,,,,,,
1903,Bangka Selatan,Kepulauan Bangka Belitung,52191.12,,,,,,,,,,
1904,Bangka Tengah,Kepulauan Bangka Belitung,310.07,,,,,,,,,,
1905,Bangka Barat,Kepulauan Bangka Belitung,2152.7,,,,,,,,,,
1906,Belitung Timur,Kepulauan Bangka Belitung,1389.52,,,,,,,,,,
1971,Pangkal Pinang,Kepulauan Bangka Belitung,0.0,,,,,,,,,,
2101,Bintan,Kepulauan Riau,25.36,,,,,,,,,,
2102,Karimun,Kepulauan Riau,0.0,,,,,,,,,,
2103,Natuna,Kepulauan Riau,287.3,,,,,,,,,,
2104,Lingga,Kepulauan Riau,118.12,,,,,,,,,,
2105,Kepulauan Anambas,Kepulauan Riau,76.13,,,,,,,,,,
2171,Batam,Kepulauan Riau,0.0,,,,,,,,,,
2172,Tanjung Pinang,Kepulauan Riau,0.0,,,,,,,,,,
3101,Kepulauan Seribu,DKI Jakarta,0.0,,,,,,,,,,
3171,Jakarta Selatan,DKI Jakarta,0.0,,,,,,,,,,
3172,Jakarta Timur,DKI Jakarta,187.0,,,,,,,,,,
3173,Jakarta Pusat,DKI Jakarta,0.0,,,,,,,,,,
3174,Jakarta Barat,DKI Jakarta,181.0,,,,,,,,,,
3175,Jakarta Utara,DKI Jakarta,1969.0,,,,,,,,,,
3201,Bogor,Jawa Barat,299893.8,,,,,,,,,,
3202,Sukabumi,Jawa Barat,508220.48,2469110897046.575,2550404561816.027,2573138025303.946,2601851143622.2646,2571199511989.464,2595288311019.5986,2613338830840.961,2643968125823.3013,101745239605.49358,104055807312.67941
3203,Cianjur,Jawa Barat,617941.03,3135707841558.4766,3282070857626.539,3291429977283.33,3304606404844.724,3283231643421.1313,3294477471873.8247,3301414173503.871,3322508788426.8535,130051825932.16255,131918353419.33763
3204,Bandung,Jawa Barat,289205.7,1248776749905.5627,1312348784794.2917,1330175341625.7058,1353382724980.711,1318117275034.6848,1340045182720.9475,1357662565789.252,1390676743039.0015,52288081078.84063,53877888218.74809
3205,Garut,Jawa Barat,441316.2,2359285003629.8994,2428987760461.289,2437722351337.6055,2447937699845.1074,2410919373028.997,2420976734189.8633,2428414024808.9067,2442116796869.1104,96665009152.83493,96945974519.69295
3206,Tasikmalaya,Jawa Barat,430961.73,2230095683629.397,2297875060286.9995,2307731404191.711,2320404219314.1104,2243340697243.219,2255944216243.0293,2267579189238.0107,2284486869109.034,91473763509.33142,90404611813.74496
3207,Ciamis,Jawa Barat,305676.17,1539960275229.2913,1590006779822.441,1616190611639.7278,1648612425463.0994,1611521552440.5996,1642552502617.5298,1665756577799.522,1707371811635.4778,63719516320.989044,66031158367.51346
3208,Kuningan,Jawa Barat,277583.76,1334433550968.2346,1377202680594.888,1384540419539.298,1394258297209.4062,1376158697719.053,1380589640953.429,1385931318226.2937,1400104947724.0159,54838507155.38589,55358616771.37042
3209,Cirebon,Jawa Barat,494699.98,1191967223198.877,1411248070931.3335,1438208253761.679,1471055321293.5413,1335152431444.3865,1351960608786.7026,1360110692083.954,1395579141952.0942,54891446575.106995,54280872976.5807
3210,Majalengka,Jawa Barat,566087.34,2145781757220.755,2311970894437.1914,2354270933127.1294,2403221990970.686,2253249346697.8047,2289293108924.3164,2310174557486.1274,2371916961772.5596,91794102390.57724,91956705293.13974
3211,Sumedang,Jawa Barat,298163.0,1466739606688.3525,1514893545682.3953,1526157339220.7192,1540450974257.3098,1484177139754.7117,1494781305817.7927,1503137842808.6946,1519562027947.1042,60383214785.686386,59925527922.91329
3212,Indramayu,Jawa Barat,1482255.86,3097144771587.867,3887271544910.9375,4011881712173.568,4152667567630.8486,3581153094777.0825,3658909128540.5684,3712435107904.9365,3864149719698.2686,150444247560.34723,147443696777.0067
3213,Subang,Jawa Barat,1038780.58,3681364078508.922,4125832498143.88,4160238698152.7847,4203491861853.901,4086208348066.517,4120659981630.2627,4150204513214.963,4205186628579.096,161407480875.44702,165309925710.89246
3214,Purwakarta,Jawa Barat,188731.69,946375893301.9033,976373852040.9462,981938472634.0367,989486197051.7861,972000783416.2311,976806672033.0549,981236495773.2548,990397806756.6143,38891277874.06803,39154784528.14047
3215,Karawang,Jawa Barat,1226880.08,3737861569459.7134,4373547146531.794,4419814947364.966,4474995501237.575,4337094221470.2114,4380951651222.639,4415845028478.763,4483823729161.0205,169665310980.1568,175798743314.99893
3216,Bekasi,Jawa Barat,555747.09,1858719318548.6223,2034321437088.0608,2076074693297.674,2126048173000.2046,1998846027223.2039,2037125882635.1182,2067960465336.8286,2125044246409.8706,80592949499.18996,81964341959.32253
3217,Bandung Barat,Jawa Barat,153648.29,,,,,,,,,,
3218,Pangandaran,Jawa Barat,148670.61,,,,,,,,,,
3271,Bogor,Jawa Barat,173.99,,,,,,,,,,
3272,Sukabumi,Jawa Barat,13254.34,,,,,,,,,,
3273,Bandung,Jawa Barat,7186.11,,,,,,,,,,
3274,Cirebon,Jawa Barat,861.82,,,,,,,,,,
3275,Bekasi,Jawa Barat,1868.44,,,,,,,,,,
3276,Depok,Jawa Barat,72.13,,,,,,,,,,
3277,Cimahi,Jawa Barat,338.03,,,,,,,,,,
3278,Tasikmalaya,Jawa Barat,54233.66,,,,,,,,,,
3279,Banjar,Jawa Barat,31271.18,,,,,,,,,,
3301,Cilacap,Jawa Tengah,761355.92,3026266029082.926,3254356675135.6855,3299262294817.4297,3362244651821.4634,3298244745238.532,3354236130558.368,3404218527841.5493,3502596318903.6875,129007821339.15424,135047911865.81906
3302,Banyumas,Jawa Tengah,275622.59,1318015776526.7393,1385459620246.8948,1399211765799.96,1415918020098.7126,1400070643190.9895,1415039755579.864,1426366326956.1726,1447380700600.5195,55067172336.061485,56768898285.46087
3303,Purbalingga,Jawa Tengah,154076.91,804079074054.6976,833146119825.5103,843149651535.8333,855498075708.6631,845189444013.9797,855739948632.5791,863510935593.1047,877571482420.6417,33271666280.17694,34339081531.317818
3304,Banjarnegara,Jawa Tengah,109047.94,606698746539.2732,623847856066.2432,628060569845.7196,633618947528.5359,628620886666.9824,633358384156.1864,637159957276.1359,644494259298.4263,24884522497.851887,25395324102.310696
3305,Kebumen,Jawa Tengah,424840.1,1770995655476.1667,1882875317206.08,1911112746958.229,1947659857606.3052,1895795400498.428,1925662829658.182,1953730844776.663,1997032734345.9229,74875607291.76283,77451972348.49178
3306,Purworejo,Jawa Tengah,279100.57,1243170804994.7441,1299620166125.3247,1319464268783.4968,1344818419230.7188,1319581553644.7664,1340642569245.1233,1359265844876.7012,1389894406759.606,51895453626.71032,53908841681.45536
3307,Wonosobo,Jawa Tengah,66996.75,,,,,,,,,,
3308,Magelang,Jawa Tengah,169112.19,898992209799.9458,928027202427.3079,930036679461.2212,933461151366.5552,935558261961.7534,937948190049.8136,940501553222.2997,943044976471.7648,36884851629.664734,37550132731.44549
3309,Boyolali,Jawa Tengah,293909.04,1337226606383.3433,1408876611696.4336,1419145477477.6921,1430566160011.7146,1423489346746.062,1433582830776.1948,1441231170401.785,1456433608664.2498,55872542179.18348,57463520552.96757
3310,Klaten,Jawa Tengah,338083.63,1270326017636.9966,1381946649908.0642,1394668846688.8486,1412210342735.94,1417307670595.7107,1430600330350.5852,1440550356472.5706,1462419623028.0923,54475283097.653305,57393421874.1931
3311,Sukoharjo,Jawa Tengah,308529.08,1265491147871.0537,1354101469159.121,1377041430078.3962,1405953384345.8943,1384224457301.1265,1410195271696.982,1430369510975.212,1466202336692.5376,53824438647.14578,56701546093.115456
3312,Wonogiri,Jawa Tengah,383143.3,1900391414121.5574,1959475789707.4841,1971111572367.8374,1985759059920.4858,1971050721889.9739,1985243005890.339,1995803791535.8762,2016598145457.3772,78065256985.21394,79571769657.74348
3313,Karanganyar,Jawa Tengah,268582.78,1255614251518.3306,1323120466696.0515,1325187552227.9016,1330656534715.0483,1325864886140.2468,1328373086971.1196,1332146274979.3425,1338894319957.1482,52319045676.45262,53213675605.504036
3314,Sragen,Jawa Tengah,626632.73,2723589416624.125,2911073463257.49,2944636662587.4336,2982345610068.6675,2929152973173.5654,2968209163657.693,2996489533335.414,3044062759171.1987,115335508686.28375,119095022767.48274
3315,Grobogan,Jawa Tengah,778895.15,3075633308798.4155,3362288895654.1353,3404816357488.6797,3457980581477.0513,3400344516420.717,3448426439444.2437,3483981286465.556,3553089098378.5107,132635061453.04498,138473315736.24484
3316,Blora,Jawa Tengah,481758.33,1982825268304.219,2115575609207.3916,2135000029497.9546,2159930846615.8752,2135212758327.4148,2156656038428.7454,2174008860151.6462,2206880848792.5327,83761402983.44783,86542204982.46623
3317,Rembang,Jawa Tengah,179211.77,737148783109.0481,782718381429.5967,787545229116.9108,793955761196.7872,790758918806.6956,795954747559.5718,800485856436.4222,808404898022.2004,30970315713.847225,31909631539.10732
3318,Pati,Jawa Tengah,587469.44,2095401778387.1758,2320770414043.18,2346818370739.715,2381166397027.005,2352894191546.3804,2384579001434.574,2408941894327.979,2455480006587.385,91208285739.6262,95757522137.71794
3319,Kudus,Jawa Tengah,195692.08,697056300193.6389,766930398241.3202,776074928748.7875,787668724888.8789,777965723483.7155,788860029679.2391,797518192460.5173,814215619363.8976,30196799479.768642,31692212555.257164
3320,Jepara,Jawa Tengah,203279.05,779835826957.9236,846934181552.4781,853309445580.2277,861605768119.5116,854796388248.4489,861892849943.6376,869825118540.7571,882496753165.9912,33360086934.34481,34612434852.127045
3321,Demak,Jawa Tengah,615685.96,1888769896737.9353,2202926604793.7544,2239784288146.2163,2292048200705.987,2235328637813.633,2281779085984.2407,2320544002055.221,2397741671292.4404,85894209749.39731,91928516383.3888
3322,Semarang,Jawa Tengah,137763.91,,,,,,,,,,
3323,Temanggung,Jawa Tengah,56887.24,301799970938.9016,309736661433.2343,311501108798.4137,312994511980.3252,311757368317.6987,313225186268.93677,314531514717.653,315415145223.3801,12347020085.137117,12540109611.515924
3324,Kendal,Jawa Tengah,161073.29,616946512212.2854,671651838415.7484,680870205767.3882,693119336439.6483,682173338453.9401,693022526612.8956,702073418313.1965,721248414143.8699,26543039699.575726,27882397529.2455
3325,Batang,Jawa Tengah,130915.33,,,,,,,,,,
3326,Pekalongan,Jawa Tengah,164951.88,626839451149.8932,671911993509.9243,676582434007.9264,683823634798.3197,690819889094.4398,693861143729.6372,697130336647.4513,706309595447.3683,26546499329.799446,27837325908.200146
3327,Pemalang,Jawa Tengah,390777.57,1363162136935.2585,1502028190951.001,1518861915784.5193,1539315670679.0054,1530872595181.3845,1544914719561.191,1557229095621.4785,1584334904996.2944,59088149254.64679,62030623845.17759
3328,Tegal,Jawa Tengah,341113.01,1275587082713.2202,1424522638777.552,1427278127098.1902,1431449130409.9875,1436474371391.8633,1439727723821.2498,1441994262073.8794,1452288714367.744,55562079338.45093,57662634668.402626
3329,Brebes,Jawa Tengah,442225.87,1674329861026.3142,1866489317008.3345,1878760489623.514,1894238779343.9011,1884396077307.425,1897100774151.003,1906453157301.9138,1931819464650.4456,73030393737.78357,76074833896.30772
3371,Magelang,Jawa Tengah,725.68,,,,,,,,,,
3372,Surakarta,Jawa Tengah,135.08,,,,,,,,,,
3373,Salatiga,Jawa Tengah,3382.08,,,,,,,,,,
3374,Semarang,Jawa Tengah,15201.27,,,,,,,,,,
3375,Pekalongan,Jawa Tengah,7052.69,,,,,,,,,,
3376,Tegal,Jawa Tengah,3215.28,,,,,,,,,,
3401,Kulon Progo,DI Yogyakarta,116055.76,,,,,,,,,,
3402,Bantul,DI Yogyakarta,130339.44,500606550403.85657,542324329649.5113,554807104571.71,572333703611.8938,555745003628.4364,568996105888.1147,580481831348.655,598338214176.1866,21585723210.638172,22924613774.62863
3403,Gunungkidul,DI Yogyakarta,198309.83,,,,,,,,,,
3404,Sleman,DI Yogyakarta,116951.41,453277718289.1208,495905867980.863,495082189773.9161,494478411374.6151,504527380038.9284,502967648963.7448,501812405606.60803,501669226585.3168,19393371600.417786,20115972365.795536
3471,Yogyakarta,DI Yogyakarta,43.09,,,,,,,,,,
3501,Pacitan,Jawa Timur,90428.21,,,,,,,,,,
3502,Ponorogo,Jawa Timur,359413.8,1548577539783.2646,1640850297484.3904,1660390334851.9739,1684545851179.9937,1662324504552.284,1683744512570.0537,1699715793632.8887,1728414075162.3987,65173473497.174255,67576037609.27355
3503,Trenggalek,Jawa Timur,115758.0,544462168699.4735,563479239036.0386,568914132449.619,575536163288.7408,573826722254.4242,578896344927.4304,582644172695.5701,589208291140.2468,22476876475.153454,23207323816.001984
3504,Tulungagung,Jawa Timur,207217.3,,,,,,,,,,
3505,Blitar,Jawa Timur,215482.8,1105967459620.1628,1154193216904.4448,1175358209252.7595,1199774095652.1912,1172431153763.275,1192620424191.4385,1207048848106.0,1233636140010.2092,46173857193.35571,47905461665.42379
3506,Kediri,Jawa Timur,168853.6,625010880496.8251,689390577470.6992,692791099249.8951,698159058567.3342,697372839777.7699,700737968644.2048,704378517643.2579,710683340074.4257,27020409670.99924,28094609449.10781
3507,Malang,Jawa Timur,271606.8,1419036416610.0667,1472289181250.2751,1470662415667.7834,1470915723692.4268,1486259234814.3237,1482444277701.2559,1480188244414.2644,1479494007572.9417,58336411276.044044,59297220521.986786
3508,Lumajang,Jawa Timur,300829.0,1208447500737.3518,1297553276470.909,1303457904823.6685,1312945586363.2632,1321456238259.8945,1326082255494.086,1329767672381.971,1338948595726.6836,51166056497.569336,53116577764.15279
3509,Jember,Jawa Timur,607371.2,2440799450339.086,2635796873290.1562,2657833576179.122,2688745086627.523,2697167094203.3994,2722664199528.0396,2739497918678.077,2779522010928.2075,104028831818.56883,109184271360.87665
3510,Banyuwangi,Jawa Timur,462206.0,1761808427524.2686,1964411277206.7458,1966651860844.6436,1971521267861.2944,1985679041618.2322,1988250593202.6907,1989470092525.1516,1996975088325.7307,76618117195.1301,79575135672.70401
3511,Bondowoso,Jawa Timur,238677.7,1070443136200.1598,1142521425542.8518,1146825139854.2861,1154320917204.0771,1154372852086.4512,1161360133491.0051,1166854825692.0212,1178888628845.904,45097100284.4072,46551189530.68709
3512,Situbondo,Jawa Timur,141628.0,550029132397.3716,608243028734.7847,608470896557.6923,609941667365.6792,613735908882.8716,615157119356.3698,616362133306.0145,624817072250.6661,23761295599.016777,24669332451.377037
3513,Probolinggo,Jawa Timur,185412.5,719915472970.1132,787471912628.3628,789071458637.4675,792516186776.0643,800517741901.3463,802612891414.3639,805097637822.7485,811035816907.5258,30871418395.65876,32162402611.163593
3514,Pasuruan,Jawa Timur,247255.7,953063708570.8464,1028994179493.2261,1036202293097.8091,1045290609994.6047,1041687908660.3386,1049694819092.7225,1055877102423.2595,1069020689512.199,40572202392.85156,42092463018.96569
3515,Sidoarjo,Jawa Timur,194540.5,660879023201.8113,730478690908.8253,740658902138.4734,754579712746.0596,744500361505.4553,756119048262.3282,766352677428.495,787208701349.736,28773299801.980698,30428071667.865593
3516,Mojokerto,Jawa Timur,281829.4,1170522383837.2039,1246225891033.9749,1257779640715.6267,1274473290921.288,1259833810791.7473,1272536739640.3123,1284150236899.1555,1305325642426.6318,49382162366.05569,51096870594.70183
3517,Jombang,Jawa Timur,337172.1,1273003650533.3108,1388317506531.539,1412592079598.4119,1445098980999.5234,1404704003180.1804,1431823718807.0085,1454260652305.8733,1491479303872.9797,54971228607.09016,57598836159.46478
3518,Nganjuk,Jawa Timur,376476.4,1512413764984.765,1621860411408.695,1645886104097.4434,1674730277098.885,1644277491988.0645,1669336062589.4724,1688516702767.2952,1721778215511.1118,64342244593.449814,67043396989.43888
3519,Madiun,Jawa Timur,401573.7,1544152311008.5393,1684492829668.631,1701196072412.6755,1723789618659.2585,1708613721494.213,1726400928881.5708,1742306660164.5413,1773531953799.6729,66385011465.031075,69335328106.07973
3520,Magetan,Jawa Timur,266699.9,1159503402315.2595,1244646562905.1897,1254447285589.2278,1267991934064.3735,1253803521954.4443,1266023585165.4558,1275997095928.4534,1295382343181.616,49176254289.89488,50804042166.72522
3521,Ngawi,Jawa Timur,755939.0,3551057465452.1,3798175063778.1006,3860951140133.6147,3939339553487.532,3835506832868.9424,3909518374202.0986,3968751173565.7324,4070297718347.608,150946186606.67416,157239937358.68005
3522,Bojonegoro,Jawa Timur,704288.9,2765759764199.4575,3005994352507.1333,3049263211380.6753,3106757337877.011,3040612718569.6377,3089189764421.974,3129867130187.4126,3201196249440.6147,118888919985.78606,124191284439.60959
3523,Tuban,Jawa Timur,498938.6,1921596534301.4932,2085390542888.9583,2109642020370.3481,2140700677604.871,2108069769109.748,2136730222479.6768,2159652198851.2952,2205093166360.3315,82358864392.54619,85844520783.62532
3524,Lamongan,Jawa Timur,903882.3,2981877469896.8667,3338347655716.9614,3370979277279.6035,3416404708763.155,3397405455850.3755,3436331999762.7197,3467353598508.85,3522532692546.66,130776656714.302,137915592190.84198
3525,Gresik,Jawa Timur,411242.2,1376778485901.4548,1545013998516.3909,1553881015654.5325,1567756231188.4302,1572478938865.951,1583342785220.393,1592503563621.6533,1612429960974.5715,60348336580.31569,63501969402.76063
3526,Bangkalan,Jawa Timur,198122.7,673345898961.6489,749720275698.4132,756527309913.9203,765647409631.9751,770481033685.1573,778489214094.802,784440865067.0096,797094261798.0994,29391013471.827877,31237335301.396378
3527,Sampang,Jawa Timur,172494.4,,,,,,,,,,
3528,Pamekasan,Jawa Timur,107648.7,393118076766.1625,431849819575.5246,437261326997.45325,444028075157.94653,449062142692.95746,455010988141.0104,459322544568.9204,468959734912.02795,17015215203.379745,18273084749.98029
3529,Sumenep,Jawa Timur,230581.3,,,,,,,,,,
3571,Kediri,Jawa Timur,10197.5,41979271911.09008,44791720792.99594,45013665748.3372,45316072594.16716,45618814943.37831,45761309883.36155,45946748867.613266,46384750542.41279,1768990365.1517076,1834875042.4220023
3572,Blitar,Jawa Timur,5212.13,,,,,,,,,,
3573,Malang,Jawa Timur,10771.15,,,,,,,,,,
3574,Probolinggo,Jawa Timur,8103.92,,,,,,,,,,
3575,Pasuruan,Jawa Timur,7293.69,,,,,,,,,,
3576,Mojokerto,Jawa Timur,5032.96,,,,,,,,,,
3577,Madiun,Jawa Timur,11453.92,,,,,,,,,,
3578,Surabaya,Jawa Timur,8117.31,,,,,,,,,,
3579,Batu,Jawa Timur,6762.57,,,,,,,,,,
3601,Pandeglang,Banten,553202.6,1274110279962.0332,1468764958623.8762,1491346352534.1812,1521133617992.0552,1494507927642.3875,1521459999667.8865,1543602612133.3276,1587443383814.7815,57351283325.19631,61227903855.212265
3602,Lebak,Banten,430413.6,1649725081535.6504,1752995844509.3804,1785703927462.2153,1823248005766.1353,1714866134160.5034,1754387773713.7053,1783891615152.932,1827988914772.6367,69840555943.05788,70531533271.94252
3603,Tangerang,Banten,289798.4,972174628705.3416,1117077122614.5112,1137418253873.2136,1163214360899.842,1094123234299.921,1115602641859.372,1133606567007.0654,1159721460554.0825,43719749683.55569,44862174730.82489
3604,Serang,Banten,446654.3,1491964567655.7676,1707729480657.1455,1740735751262.7693,1777312032635.2957,1683209659211.1938,1720134578878.9822,1746675248790.612,1796994354678.622,66902658124.96408,69186477748.37193
3671,Tangerang,Banten,3424.91,,,,,,,,,,
3672,Cilegon,Banten,9101.37,,,,,,,,,,
3673,Serang,Banten,55987.47,169713130058.7401,202200321564.002,203715985953.5599,205737321397.01474,197723105914.02072,200007902129.4715,201639934983.37372,204192795195.29248,7800025261.455013,8019818637.316316
3674,Tangerang Selatan,Banten,0.0,,,,,,,,,,
5101,Jembrana,Bali,,,,,,,,,,,
5102,Tabanan,Bali,,,,,,,,,,,
5103,Badung,Bali,,,,,,,,,,,
5104,Gianyar,Bali,,,,,,,,,,,
5105,Klungkung,Bali,,,,,,,,,,,
5106,Bangli,Bali,,,,,,,,,,,
5107,Karangasem,Bali,,,,,,,,,,,
5108,Buleleng,Bali,,,,,,,,,,,
5171,Kota Denpasar,Bali,,,,,,,,,,,
5201,Lombok Barat,Nusa Tenggara Barat,,,,,,,,,,,
5202,Lombok Tengah,Nusa Tenggara Barat,,,,,,,,,,,
5203,Lombok Timur,Nusa Tenggara Barat,,,,,,,,,,,
5204,Sumbawa,Nusa Tenggara Barat,,,,,,,,,,,
5205,Dompu,Nusa Tenggara Barat,,,,,,,,,,,
5206,Bima,Nusa Tenggara Barat,,,,,,,,,,,
5207,Sumbawa Barat,Nusa Tenggara Barat,,,,,,,,,,,
5208,Lombok Utara,Nusa Tenggara Barat,,,,,,,,,,,
5271,Kota Mataram,Nusa Tenggara Barat,,,,,,,,,,,
5272,Kota Bima,Nusa Tenggara Barat,,,,,,,,,,,
5301,Sumba Barat,Nusa Tenggara Timur,30180.24,,,,,,,,,,
5302,Sumba Timur,Nusa Tenggara Timur,52283.93,,,,,,,,,,
5303,Kupang,Nusa Tenggara Timur,61254.96,,,,,,,,,,
5304,Timor Tengah Selatan,Nusa Tenggara Timur,15615.68,,,,,,,,,,
5305,Timor Tengah Utara,Nusa Tenggara Timur,25924.14,,,,,,,,,,
5306,Belu,Nusa Tenggara Timur,23238.92,,,,,,,,,,
5307,Alor,Nusa Tenggara Timur,3555.68,,,,,,,,,,
5308,Lembata,Nusa Tenggara Timur,201.09,,,,,,,,,,
5309,Flores Timur,Nusa Tenggara Timur,7516.59,,,,,,,,,,
5310,Sikka,Nusa Tenggara Timur,11345.98,,,,,,,,,,
5311,Ende,Nusa Tenggara Timur,21881.53,,,,,,,,,,
5312,Ngada,Nusa Tenggara Timur,48062.41,,,,,,,,,,
5313,Manggarai,Nusa Tenggara Timur,88358.88,,,,,,,,,,
5314,Rote Ndao,Nusa Tenggara Timur,28835.23,,,,,,,,,,
5315,Manggarai Barat,Nusa Tenggara Timur,124086.7,,,,,,,,,,
5316,Nagekeo,Nusa Tenggara Timur,27527.08,,,,,,,,,,
5317,Sumba Tengah,Nusa Tenggara Timur,24187.39,,,,,,,,,,
5318,Sumba Barat Daya,Nusa Tenggara Timur,49435.23,,,,,,,,,,
5319,Manggarai Timur,Nusa Tenggara Timur,77979.11,,,,,,,,,,
5320,Sabu Raijua,Nusa Tenggara Timur,7204.79,,,,,,,,,,
5321,Malaka,Nusa Tenggara Timur,25806.1,,,,,,,,,,
5371,Kupang,Nusa Tenggara Timur,1568.24,,,,,,,,,,
6101,Sambas,Kalimantan Barat,176541.14,,,,,,,,,,
6102,Mempawah,Kalimantan Barat,50190.35,,,,,,,,,,
6103,Sanggau,Kalimantan Barat,64116.98,,,,,,,,,,
6104,Ketapang,Kalimantan Barat,105650.43,,,,,,,,,,
6105,Sintang,Kalimantan Barat,31303.8,,,,,,,,,,
6106,Kapuas Hulu,Kalimantan Barat,15174.03,,,,,,,,,,
6107,Bengkayang,Kalimantan Barat,32340.73,,,,,,,,,,
6108,Landak,Kalimantan Barat,93452.27,,,,,,,,,,
6109,Sekadau,Kalimantan Barat,29270.04,,,,,,,,,,
6110,Melawi,Kalimantan Barat,7952.03,,,,,,,,,,
6111,Kayong Utara,Kalimantan Barat,42280.23,,,,,,,,,,
6112,Kubu Raya,Kalimantan Barat,70329.98,,,,,,,,,,
6171,Pontianak,Kalimantan Barat,457.53,,,,,,,,,,
6172,Singkawang,Kalimantan Barat,12166.26,,,,,,,,,,
6201,Kotawaringin Barat,Kalimantan Tengah,330.44,,,,,,,,,,
6202,Kotawaringin Timur,Kalimantan Tengah,29160.84,,,,,,,,,,
6203,Kapuas,Kalimantan Tengah,153060.04,,,,,,,,,,
6204,Barito Selatan,Kalimantan Tengah,6170.98,,,,,,,,,,
6205,Barito Utara,Kalimantan Tengah,8092.07,,,,,,,,,,
6206,Katingan,Kalimantan Tengah,30994.22,,,,,,,,,,
6207,Seruyan,Kalimantan Tengah,6897.39,,,,,,,,,,
6208,Sukamara,Kalimantan Tengah,2091.58,,,,,,,,,,
6209,Lamandau,Kalimantan Tengah,894.55,,,,,,,,,,
6210,Gunung Mas,Kalimantan Tengah,568.9,,,,,,,,,,
6211,Pulang Pisau,Kalimantan Tengah,85923.18,,,,,,,,,,
6212,Murung Raya,Kalimantan Tengah,2184.04,,,,,,,,,,
6213,Barito Timur,Kalimantan Tengah,17525.59,,,,,,,,,,
6271,Palangkaraya,Kalimantan Tengah,24.93,,,,,,,,,,
6301,Tanah Laut,Kalimantan Selatan,73487.24,,,,,,,,,,
6302,Kotabaru,Kalimantan Selatan,17609.79,,,,,,,,,,
6303,Banjar,Kalimantan Selatan,129050.5,,,,,,,,,,
6304,Barito Kuala,Kalimantan Selatan,186867.79,,,,,,,,,,
6305,Tapin,Kalimantan Selatan,101228.04,,,,,,,,,,
6306,Hulu Sungai Selatan,Kalimantan Selatan,58463.58,,,,,,,,,,
6307,Hulu Sungai Tengah,Kalimantan Selatan,109758.31,,,,,,,,,,
6308,Hulu Sungai Utara,Kalimantan Selatan,25622.89,,,,,,,,,,
6309,Tabalong,Kalimantan Selatan,54341.6,,,,,,,,,,
6310,Tanah Bumbu,Kalimantan Selatan,39429.0,,,,,,,,,,
6311,Balangan,Kalimantan Selatan,15548.9,,,,,,,,,,
6371,Banjarmasin,Kalimantan Selatan,4932.7,,,,,,,,,,
6372,Banjarbaru,Kalimantan Selatan,3078.86,,,,,,,,,,
6401,Paser,Kalimantan Timur,48202.66,,,,,,,,,,
6402,Kutai Kartanegara,Kalimantan Timur,105025.7,,,,,,,,,,
6403,Berau,Kalimantan Timur,21135.98,,,,,,,,,,
6407,Kutai Barat,Kalimantan Timur,1284.77,,,,,,,,,,
6408,Kutai Timur,Kalimantan Timur,12076.25,,,,,,,,,,
6409,Penajam Paser Utara,Kalimantan Timur,45160.69,,,,,,,,,,
6411,Mahakam Ulu,Kalimantan Timur,489.42,,,,,,,,,,
6471,Balikpapan,Kalimantan Timur,302.1,,,,,,,,,,
6472,Samarinda,Kalimantan Timur,5492.34,,,,,,,,,,
6474,Bontang,Kalimantan Timur,255.43,,,,,,,,,,
6501,Bulungan,Kalimantan Utara,11626.22,,,,,,,,,,
6502,Malinau,Kalimantan Utara,5333.52,,,,,,,,,,
6503,Nunukan,Kalimantan Utara,12945.28,,,,,,,,,,
6504,Tana Tidung,Kalimantan Utara,566.97,,,,,,,,,,
6571,Tarakan,Kalimantan Utara,61.6,,,,,,,,,,
7101,Bolaang Mongondow,Sulawesi Utara,132488.55,,,,,,,,,,
7102,Minahasa,Sulawesi Utara,34801.54,,,,,,,,,,
7103,Kepulauan Sangihe,Sulawesi Utara,0.0,,,,,,,,,,
7104,Kepulauan Talaud,Sulawesi Utara,0.0,,,,,,,,,,
7105,Minahasa Selatan,Sulawesi Utara,13010.03,,,,,,,,,,
7105/7110,Minahasa Selatan/Bolaang Mongondwo Timur,Sulawesi Utara,,,,,,,,,,,
7106,Minahasa Utara,Sulawesi Utara,5506.58,,,,,,,,,,
7107,Minahasa Tenggara,Sulawesi Utara,7355.5,,,,,,,,,,
7108,Bolaang Mongondow Utara,Sulawesi Utara,18031.28,,,,,,,,,,
7109,Kepulauan Siau Tagulandang Biaro (Sitaro),Sulawesi Utara,0.0,,,,,,,,,,
7110,Bolaang Mongondow Timur,Sulawesi Utara,3831.66,,,,,,,,,,
7111,Bolaang Mongondow Selatan,Sulawesi Utara,7578.19,,,,,,,,,,
7171,Manado,Sulawesi Utara,0.0,,,,,,,,,,
7172,Bitung,Sulawesi Utara,233.62,,,,,,,,,,
7173,Tomohon,Sulawesi Utara,2399.3,,,,,,,,,,
7174,Kotamobagu,Sulawesi Utara,18494.03,,,,,,,,,,
7201,Banggai,Selawesi Tengah,141013.22,,,,,,,,,,
7202,Poso,Selawesi Tengah,77879.42,,,,,,,,,,
7203,Donggala,Selawesi Tengah,57266.29,,,,,,,,,,
7204,Toli Toli,Selawesi Tengah,57937.49,,,,,,,,,,
7205,Buol,Selawesi Tengah,16798.44,,,,,,,,,,
7206,Morowali,Selawesi Tengah,35483.73,,,,,,,,,,
7207,Banggai Kepulauan,Selawesi Tengah,992.99,,,,,,,,,,
7208,Parigi Moutong,Selawesi Tengah,245039.66,,,,,,,,,,
7209,Tojo Una Una,Selawesi Tengah,5677.34,,,,,,,,,,
7210,Sigi,Selawesi Tengah,80066.14,,,,,,,,,,
7211,Banggai Laut,Selawesi Tengah,0.0,,,,,,,,,,
7212,Morowali Utara,Selawesi Tengah,25365.23,,,,,,,,,,
7271,Palu,Selawesi Tengah,888.75,,,,,,,,,,
7301,Kepulauan Selayar,Sulawesi Selatan,6710.53,,,,,,,,,,
7302,Bulukumba,Sulawesi Selatan,208838.17,,,,,,,,,,
7303,Bantaeng,Sulawesi Selatan,56206.03,,,,,,,,,,
7304,Jeneponto,Sulawesi Selatan,127923.41,,,,,,,,,,
7305,Takalar,Sulawesi Selatan,112369.69,,,,,,,,,,
7306,Gowa,Sulawesi Selatan,231035.1,,,,,,,,,,
7307,Sinjai,Sulawesi Selatan,103063.58,,,,,,,,,,
7308,Bone,Sulawesi Selatan,915978.89,,,,,,,,,,
7309,Maros,Sulawesi Selatan,196087.49,,,,,,,,,,
7310,Pangkajene Kepulauan,Sulawesi Selatan,118394.01,,,,,,,,,,
7311,Barru,Sulawesi Selatan,144793.92,,,,,,,,,,
7312,Soppeng,Sulawesi Selatan,292200.18,,,,,,,,,,
7313,Wajo,Sulawesi Selatan,797933.74,,,,,,,,,,
7314,Sidenreng Rappang,Sulawesi Selatan,535315.55,,,,,,,,,,
7315,Pinrang,Sulawesi Selatan,548084.63,,,,,,,,,,
7316,Enrekang,Sulawesi Selatan,40316.69,,,,,,,,,,
7317,Luwu,Sulawesi Selatan,277364.84,,,,,,,,,,
7318,Tana Toraja,Sulawesi Selatan,82973.84,,,,,,,,,,
7322,Luwu Utara,Sulawesi Selatan,208866.69,,,,,,,,,,
7324,Luwu Timur,Sulawesi Selatan,219608.6,,,,,,,,,,
7326,Toraja Utara,Sulawesi Selatan,101859.8,,,,,,,,,,
7371,Makassar,Sulawesi Selatan,12788.19,,,,,,,,,,
7372,Pare Pare,Sulawesi Selatan,4649.39,,,,,,,,,,
7373,Palopo,Sulawesi Selatan,16806.41,,,,,,,,,,
7401,Kolaka,Sulawesi Tenggara,51063.36,,,,,,,,,,
7402,Konawe,Sulawesi Tenggara,132209.2,,,,,,,,,,
7403,Muna,Sulawesi Tenggara,1769.58,,,,,,,,,,
7403,Muna,Sulawesi Tenggara,1769.58,,,,,,,,,,
7403,Muna,Sulawesi Tenggara,1769.58,,,,,,,,,,
7403,Muna,Sulawesi Tenggara,1769.58,,,,,,,,,,
7404,Buton,Sulawesi Tenggara,5852.1,,,,,,,,,,
7404,Buton,Sulawesi Tenggara,5852.1,,,,,,,,,,
7404,Buton,Sulawesi Tenggara,5852.1,,,,,,,,,,
7404,Buton,Sulawesi Tenggara,5852.1,,,,,,,,,,
7405,Konawe Selatan,Sulawesi Tenggara,88805.39,,,,,,,,,,
7406,Bombana,Sulawesi Tenggara,76588.65,,,,,,,,,,
7407,Wakatobi,Sulawesi Tenggara,0.0,,,,,,,,,,
7407,Wakatobi,Sulawesi Tenggara,0.0,,,,,,,,,,
7407,Wakatobi,Sulawesi Tenggara,0.0,,,,,,,,,,
7407,Wakatobi,Sulawesi Tenggara,0.0,,,,,,,,,,
7407,Wakatobi,Sulawesi Tenggara,0.0,,,,,,,,,,
7407,Wakatobi,Sulawesi Tenggara,0.0,,,,,,,,,,
7407,Wakatobi,Sulawesi Tenggara,0.0,,,,,,,,,,
7407,Wakatobi,Sulawesi Tenggara,0.0,,,,,,,,,,
7407,Wakatobi,Sulawesi Tenggara,0.0,,,,,,,,,,
7408,Kolaka Utara,Sulawesi Tenggara,5125.64,,,,,,,,,,
7409,Konawe Utara,Sulawesi Tenggara,8952.07,,,,,,,,,,
7410,Buton Utara,Sulawesi Tenggara,2862.39,,,,,,,,,,
7410,Buton Utara,Sulawesi Tenggara,2862.39,,,,,,,,,,
7410,Buton Utara,Sulawesi Tenggara,2862.39,,,,,,,,,,
7410,Buton Utara,Sulawesi Tenggara,2862.39,,,,,,,,,,
7411,Kolaka Timur,Sulawesi Tenggara,88994.39,,,,,,,,,,
7412,Konawe Kepulauan,Sulawesi Tenggara,492.54,,,,,,,,,,
7413,Muna Barat,Sulawesi Tenggara,5387.73,,,,,,,,,,
7413,Muna Barat,Sulawesi Tenggara,5387.73,,,,,,,,,,
7413,Muna Barat,Sulawesi Tenggara,5387.73,,,,,,,,,,
7413,Muna Barat,Sulawesi Tenggara,5387.73,,,,,,,,,,
7414,Buton Tengah,Sulawesi Tenggara,25.29,,,,,,,,,,
7415,Buton Selatan,Sulawesi Tenggara,0.0,,,,,,,,,,
7471,Kendari,Sulawesi Tenggara,2329.73,,,,,,,,,,
7472,Bau Bau,Sulawesi Tenggara,8499.94,,,,,,,,,,
7501,Gorontalo,Gorontalo,128971.46,,,,,,,,,,
7502,Boalemo,Gorontalo,29663.64,,,,,,,,,,
7503,Bone Bolango,Gorontalo,17790.18,,,,,,,,,,
7504,Pahuwato,Gorontalo,27409.27,,,,,,,,,,
7505,Gorontalo Utara,Gorontalo,26667.8,,,,,,,,,,
7571,Gorontalo,Gorontalo,9632.18,,,,,,,,,,
7601,Pasangkayu (Mamuju Utara),Sulawesi Barat,2925.23,,,,,,,,,,
7602,Mamuju,Sulawesi Barat,70325.79,,,,,,,,,,
7603,Mamasa,Sulawesi Barat,48965.06,,,,,,,,,,
7604,Polewali Mandar,Sulawesi Barat,199665.24,,,,,,,,,,
7605,Majene,Sulawesi Barat,5643.12,,,,,,,,,,
7606,Mamuju Tengah,Sulawesi Barat,25988.85,,,,,,,,,,
8101,Maluku Tengah,Maluku,33435.21,,,,,,,,,,
8102,Maluku Tenggara,Maluku,0.0,,,,,,,,,,
8103,Kepulauan Tanimbar (Maluku Tenggara Barat),Maluku,293.5,,,,,,,,,,
8104,Buru,Maluku,45450.84,,,,,,,,,,
8105,Seram Bagian Timur,Maluku,10085.35,,,,,,,,,,
8106,Seram Bagian Barat,Maluku,3335.63,,,,,,,,,,
8107,Kepulauan Aru,Maluku,0.0,,,,,,,,,,
8108,Maluku Barat Daya,Maluku,0.0,,,,,,,,,,
8109,Buru Selatan,Maluku,0.0,,,,,,,,,,
8171,Ambon,Maluku,0.0,,,,,,,,,,
8172,Tual,Maluku,0.53,,,,,,,,,,
8201,Halmahera Barat,Maluku Utara,226.18,,,,,,,,,,
8202,Halmahera Tengah,Maluku Utara,103.47,,,,,,,,,,
8203,Halmahera Utara,Maluku Utara,6893.28,,,,,,,,,,
8204,Halmahera Selatan,Maluku Utara,121.88,,,,,,,,,,
8205,Kepulauan Sula,Maluku Utara,16.63,,,,,,,,,,
8206,Halmahera Timur,Maluku Utara,15285.65,,,,,,,,,,
8207,Pulau Morotai,Maluku Utara,1838.94,,,,,,,,,,
8208,Pulau Taliabu,Maluku Utara,0.0,,,,,,,,,,
8271,Ternate,Maluku Utara,0.0,,,,,,,,,,
8272,Tidore Kepulauan,Maluku Utara,0.0,,,,,,,,,,
9103,Jayapura,Papua,1395.07,,,,,,,,,,
9105,Kepulauan Yapen,Papua,0.0,,,,,,,,,,
9106,Biak Numfor,Papua,0.0,,,,,,,,,,
9110,Sarmi,Papua,57.72,,,,,,,,,,
9111,Keerom,Papua,124.8,,,,,,,,,,
9115,Waropen,Papua,37.7,,,,,,,,,,
9119,Supiori,Papua,0.0,,,,,,,,,,
9120,Mamberamo Raya,Papua,0.0,,,,,,,,,,
9171,Jayapura,Papua,1260.48,,,,,,,,,,
9202,Manokwari,Papua Barat,15545.55,,,,,,,,,,
9203,Fak Fak,Papua Barat,48.97,,,,,,,,,,
9206,Teluk Bintuni,Papua Barat,422.2,,,,,,,,,,
9207,Teluk Wondama,Papua Barat,0.0,,,,,,,,,,
9208,Kaimana,Papua Barat,0.0,,,,,,,,,,
9211,Manokwari Selatan,Papua Barat,4928.0,,,,,,,,,,
9212,Pegunungan Arfak,Papua Barat,0.0,,,,,,,,,,
9301,Merauke,Papua Selatan,0.0,,,,,,,,,,
9302,Boven Digoel,Papua Selatan,0.0,,,,,,,,,,
9303,Mappi,Papua Selatan,0.0,,,,,,,,,,
9304,Asmat,Papua Selatan,0.0,,,,,,,,,,
9401,Nabire,Papua Tengah,0.0,,,,,,,,,,
9402,Puncak Jaya,Papua Tengah,0.0,,,,,,,,,,
9403,Paniai,Papua Tengah,0.0,,,,,,,,,,
9404,Mimika,Papua Tengah,0.0,,,,,,,,,,
9405,Puncak,Papua Tengah,0.0,,,,,,,,,,
9406,Dogiyai,Papua Tengah,0.0,,,,,,,,,,
9407,Intan Jaya,Papua Tengah,0.0,,,,,,,,,,
9408,Deiyai,Papua Tengah,0.0,,,,,,,,,,
9501,Jayawijaya,Papua Pegunungan,0.0,,,,,,,,,,
9502,Pegunungan Bintang,Papua Pegunungan,0.0,,,,,,,,,,
9503,Yahukimo,Papua Pegunungan,0.0,,,,,,,,,,
9504,Tolikara,Papua Pegunungan,0.0,,,,,,,,,,
9505,Mamberamo Tengah,Papua Pegunungan,0.0,,,,,,,,,,
9506,Yalimo,Papua Pegunungan,0.0,,,,,,,,,,
9507,Lanny Jaya,Papua Pegunungan,0.0,,,,,,,,,,
9508,Nduga,Papua Pegunungan,0.0,,,,,,,,,,
9601,Sorong,Papua Barat Daya,0.0,,,,,,,,,,
9602,Sorong Selatan,Papua Barat Daya,,,,,,,,,,,
9603,Raja Ampat,Papua Barat Daya,,,,,,,,,,,
9604,Sorong Selatan,Papua Barat Daya,0.0,,,,,,,,,,
9605,Raja Ampat,Papua Barat Daya,0.0,,,,,,,,,,
9671,Sorong,Papua Barat Daya,0.0,,,,,,,,,,
,,Jawa Timur,,,,,,,,,,,
,,Jawa Timur,,,,,,,,,,,
,,Jawa Timur,,,,,,,,,,,
,,Jawa Timur,,,,,,,,,,,
,,Jawa Timur,,,,,,,,,,,
,,Jawa Timur,,,,,,,,,,,
,,Jawa Timur,,,,,,,,,,,
,,Jawa Timur,,,,,,,,,,,
,,Jawa Timur,,,,,,,,,,,
,,Jawa Timur,,,,,,,,,,,
,,Jawa Timur,,,,,,,,,,,
,,Jawa Timur,,,,,,,,,,,
,,Jawa Timur,,,,,,,,,,,
,,Jawa Timur,,,,,,,,,,,
,,Jawa Timur,,,,,,,,,,,
,,Jawa Timur,,,,,,,,,,,
,,Jawa Timur,,,,,,,,,,,
,,Jawa Timur,,,,,,,,,,,
,,Jawa Timur,,,,,,,,,,,
,,Jawa Timur,,,,,,,,,,,
,,Jawa Timur,,,,,,,,,,,
,,Jawa Timur,,,,,,,,,,,
,,Jawa Timur,,,,,,,,,,,
,,Jawa Timur,,,,,,,,,,,
,,Jawa Timur,,,,,,,,,,,
,,Jawa Timur,,,,,,,,,,,
,,Jawa Timur,,,,,,,,,,,
,,Jawa Timur,,,,,,,,,,,
,,Jawa Timur,,,,,,,,,,,
,,Jawa Timur,,,,,,,,,,,
,,Jawa Timur,,,,,,,,,,,
,,Jawa Timur,,,,,,,,,,,
,,Jawa Timur,,,,,,,,,,,
,,Jawa Timur,,,,,,,,,,,
,,Jawa Timur,,,,,,,,,,,
,,Jawa Timur,,,,,,,,,,,
,,Jawa Timur,,,,,,,,,,,
,,Jawa Timur,,,,,,,,,,,
,,Jawa Timur,,,,,,,,,,,
,,Jawa Timur,,,,,,,,,,,
,,Jawa Timur,,,,,,,,,,,
,,Jawa Timur,,,,,,,,,,,
,,Jawa Timur,,,,,,,,,,,
,,Jawa Timur,,,,,,,,,,,
,,Jawa Timur,,,,,,,,,,,
,,Jawa Timur,,,,,,,,,,,
,,Jawa Timur,,,,,,,,,,,
,,Jawa Timur,,,,,,,,,,,
,,Jawa Timur,,,,,,,,,,,
,,Jawa Timur,,,,,,,,,,,
,,Kalimantan Barat,,,,,,,,,,,
,,Kalimantan Barat,,,,,,,,,,,
,,Kalimantan Barat,,,,,,,,,,,
,,Kalimantan Barat,,,,,,,,,,,
,,Kalimantan Barat,,,,,,,,,,,
,,Kalimantan Barat,,,,,,,,,,,
,,Kalimantan Barat,,,,,,,,,,,
,,Kalimantan Barat,,,,,,,,,,,
,,Kalimantan Barat,,,,,,,,,,,
,,Kalimantan Barat,,,,,,,,,,,
,,Kalimantan Barat,,,,,,,,,,,
,,Kalimantan Barat,,,,,,,,,,,
,,Kalimantan Barat,,,,,,,,,,,
,,Kalimantan Barat,,,,,,,,,,,
,,Kalimantan Barat,,,,,,,,,,,
,,Kalimantan Barat,,,,,,,,,,,
,,Kalimantan Barat,,,,,,,,,,,
,,Kalimantan Barat,,,,,,,,,,,
,,Kalimantan Barat,,,,,,,,,,,
,,Kalimantan Barat,,,,,,,,,,,
,,Kalimantan Barat,,,,,,,,,,,
,,Kalimantan Barat,,,,,,,,,,,
,,Kalimantan Barat,,,,,,,,,,,
,,Kalimantan Barat,,,,,,,,,,,
,,Kalimantan Barat,,,,,,,,,,,
,,Kalimantan Timur,,,,,,,,,,,
,,Kalimantan Timur,,,,,,,,,,,
,,Kalimantan Timur,,,,,,,,,,,
,,Kalimantan Timur,,,,,,,,,,,
,,Kalimantan Timur,,,,,,,,,,,
,,Kalimantan Timur,,,,,,,,,,,
,,Kalimantan Timur,,,,,,,,,,,
,,Kalimantan Timur,,,,,,,,,,,
,,Kalimantan Timur,,,,,,,,,,,
,,Kalimantan Timur,,,,,,,,,,,
,,Kalimantan Timur,,,,,,,,,,,
,,Kalimantan Timur,,,,,,,,,,,
,,Kalimantan Timur,,,,,,,,,,,
,,Kalimantan Timur,,,,,,,,,,,
,,Kalimantan Timur,,,,,,,,,,,
,,Kalimantan Timur,,,,,,,,,,,
,,Kalimantan Timur,,,,,,,,,,,
,,Kalimantan Timur,,,,,,,,,,,
,,Kalimantan Timur,,,,,,,,,,,
,,Kalimantan Timur,,,,,,,,,,,
,,Kalimantan Timur,,,,,,,,,,,
,,Kalimantan Timur,,,,,,,,,,,
,,Kalimantan Timur,,,,,,,,,,,
,,Kalimantan Timur,,,,,,,,,,,
,,Kalimantan Timur,,,,,,,,,,,
,,Kepulauan Riau,,,,,,,,,,,
,,Kepulauan Riau,,,,,,,,,,,
,,Kepulauan Riau,,,,,,,,,,,
,,Kepulauan Riau,,,,,,,,,,,
,,Kepulauan Riau,,,,,,,,,,,
,,Kepulauan Riau,,,,,,,,,,,
,,Kepulauan Riau,,,,,,,,,,,
,,Kepulauan Riau,,,,,,,,,,,
,,Kepulauan Riau,,,,,,,,,,,
,,Kepulauan Riau,,,,,,,,,,,
,,Kepulauan Riau,,,,,,,,,,,
,,Kepulauan Riau,,,,,,,,,,,
,,Kepulauan Riau,,,,,,,,,,,
,,Kepulauan Riau,,,,,,,,,,,
,,Kepulauan Riau,,,,,,,,,,,
,,Kepulauan Riau,,,,,,,,,,,
,,Kepulauan Riau,,,,,,,,,,,
,,Kepulauan Riau,,,,,,,,,,,
,,Kepulauan Riau,,,,,,,,,,,
,,Kepulauan Riau,,,,,,,,,,,
,,Kepulauan Riau,,,,,,,,,,,
,,Kepulauan Riau,,,,,,,,,,,
,,Kepulauan Riau,,,,,,,,,,,
,,Kepulauan Riau,,,,,,,,,,,
,,Kepulauan Riau,,,,,,,,,,,
,,Maluku,,,,,,,,,,,
,,Maluku,,,,,,,,,,,
,,Maluku,,,,,,,,,,,
,,Maluku,,,,,,,,,,,
,,Maluku,,,,,,,,,,,
,,Maluku,,,,,,,,,,,
,,Maluku,,,,,,,,,,,
,,Maluku,,,,,,,,,,,
,,Maluku,,,,,,,,,,,
,,Maluku,,,,,,,,,,,
,,Maluku,,,,,,,,,,,
,,Maluku,,,,,,,,,,,
,,Maluku,,,,,,,,,,,
,,Maluku,,,,,,,,,,,
,,Maluku,,,,,,,,,,,
,,Maluku,,,,,,,,,,,
,,Maluku,,,,,,,,,,,
,,Maluku,,,,,,,,,,,
,,Maluku,,,,,,,,,,,
,,Maluku,,,,,,,,,,,
,,Maluku,,,,,,,,,,,
,,Maluku,,,,,,,,,,,
,,Maluku,,,,,,,,,,,
,,Maluku,,,,,,,,,,,
,,Maluku,,,,,,,,,,,
,,Maluku,,,,,,,,,,,
,,Maluku,,,,,,,,,,,
,,Maluku,,,,,,,,,,,
,,Maluku,,,,,,,,,,,
,,Maluku,,,,,,,,,,,
,,Maluku,,,,,,,,,,,
,,Maluku,,,,,,,,,,,
,,Maluku,,,,,,,,,,,
,,Maluku,,,,,,,,,,,
,,Maluku,,,,,,,,,,,
,,Maluku,,,,,,,,,,,
,,Maluku,,,,,,,,,,,
,,Maluku,,,,,,,,,,,
,,Maluku,,,,,,,,,,,
,,Maluku,,,,,,,,,,,
,,Maluku,,,,,,,,,,,
,,Maluku,,,,,,,,,,,
,,Maluku,,,,,,,,,,,
,,Maluku,,,,,,,,,,,
,,Maluku,,,,,,,,,,,
,,Maluku,,,,,,,,,,,
,,Maluku,,,,,,,,,,,
,,Maluku,,,,,,,,,,,
,,Maluku,,,,,,,,,,,
,,Maluku,,,,,,,,,,,
,,Maluku,,,,,,,,,,,
,,Maluku,,,,,,,,,,,
,,Maluku,,,,,,,,,,,
,,Maluku,,,,,,,,,,,
,,Maluku,,,,,,,,,,,
,,Maluku,,,,,,,,,,,
,,Maluku,,,,,,,,,,,
,,Maluku,,,,,,,,,,,
,,Maluku,,,,,,,,,,,
,,Maluku,,,,,,,,,,,
,,Maluku,,,,,,,,,,,
,,Maluku,,,,,,,,,,,
,,Maluku,,,,,,,,,,,
,,Maluku,,,,,,,,,,,
,,Maluku,,,,,,,,,,,
,,Maluku,,,,,,,,,,,
,,Maluku,,,,,,,,,,,
,,Maluku,,,,,,,,,,,
,,Maluku,,,,,,,,,,,
,,Maluku,,,,,,,,,,,
,,Maluku,,,,,,,,,,,
,,Maluku,,,,,,,,,,,
,,Maluku,,,,,,,,,,,
,,Maluku,,,,,,,,,,,
,,Maluku,,,,,,,,,,,
,,Maluku,,,,,,,,,,,
,,Maluku,,,,,,,,,,,
,,Maluku,,,,,,,,,,,
,,Maluku,,,,,,,,,,,
,,Maluku,,,,,,,,,,,
,,Maluku,,,,,,,,,,,
,,Maluku,,,,,,,,,,,
,,Maluku,,,,,,,,,,,
,,Maluku,,,,,,,,,,,
,,Maluku,,,,,,,,,,,
,,Maluku,,,,,,,,,,,
,,Maluku,,,,,,,,,,,
,,Maluku,,,,,,,,,,,
,,Maluku,,,,,,,,,,,
,,Maluku,,,,,,,,,,,
,,Maluku,,,,,,,,,,,
,,Maluku,,,,,,,,,,,
,,Maluku,,,,,,,,,,,
,,Maluku,,,,,,,,,,,
,,Maluku,,,,,,,,,,,
,,Maluku,,,,,,,,,,,
,,Maluku,,,,,,,,,,,
,,Maluku,,,,,,,,,,,
,,Maluku,,,,,,,,,,,
,,Maluku,,,,,,,,,,,
,,Maluku,,,,,,,,,,,
,,Maluku,,,,,,,,,,,
,,Maluku,,,,,,,,,,,
,,Maluku,,,,,,,,,,,
,,Maluku,,,,,,,,,,,
,,Maluku,,,,,,,,,,,
,,Maluku,,,,,,,,,,,
,,Maluku,,,,,,,,,,,
,,Maluku,,,,,,,,,,,
,,Maluku,,,,,,,,,,,
,,Maluku,,,,,,,,,,,
,,Maluku,,,,,,,,,,,
,,Maluku,,,,,,,,,,,
,,Maluku,,,,,,,,,,,
,,Maluku,,,,,,,,,,,
,,Maluku,,,,,,,,,,,
,,Maluku,,,,,,,,,,,
,,Maluku,,,,,,,,,,,
,,Maluku,,,,,,,,,,,
,,Maluku,,,,,,,,,,,
,,Maluku,,,,,,,,,,,
,,Maluku,,,,,,,,,,,
,,Maluku,,,,,,,,,,,
,,Maluku,,,,,,,,,,,
,,Maluku,,,,,,,,,,,
,,Maluku,,,,,,,,,,,
,,Maluku,,,,,,,,,,,
,,Maluku,,,,,,,,,,,
,,Maluku,,,,,,,,,,,
,,Maluku,,,,,,,,,,,
,,Maluku,,,,,,,,,,,
,,Maluku,,,,,,,,,,,
,,Maluku,,,,,,,,,,,
,,Maluku,,,,,,,,,,,
,,Maluku,,,,,,,,,,,
,,Maluku,,,,,,,,,,,
,,Maluku,,,,,,,,,,,
,,Maluku,,,,,,,,,,,
,,Maluku,,,,,,,,,,,
,,Maluku,,,,,,,,,,,
,,Maluku,,,,,,,,,,,
,,Maluku,,,,,,,,,,,
,,Maluku,,,,,,,,,,,
,,Maluku,,,,,,,,,,,
,,Maluku,,,,,,,,,,,
,,Maluku,,,,,,,,,,,
,,Maluku,,,,,,,,,,,
,,Maluku,,,,,,,,,,,
,,Maluku,,,,,,,,,,,
,,Maluku,,,,,,,,,,,
,,Maluku Utara,,,,,,,,,,,
,,Maluku Utara,,,,,,,,,,,
,,Maluku Utara,,,,,,,,,,,
,,Maluku Utara,,,,,,,,,,,
,,Maluku Utara,,,,,,,,,,,
,,Maluku Utara,,,,,,,,,,,
,,Maluku Utara,,,,,,,,,,,
,,Maluku Utara,,,,,,,,,,,
,,Maluku Utara,,,,,,,,,,,
,,Maluku Utara,,,,,,,,,,,
,,Maluku Utara,,,,,,,,,,,
,,Maluku Utara,,,,,,,,,,,
,,Maluku Utara,,,,,,,,,,,
,,Maluku Utara,,,,,,,,,,,
,,Maluku Utara,,,,,,,,,,,
,,Maluku Utara,,,,,,,,,,,
,,Maluku Utara,,,,,,,,,,,
,,Maluku Utara,,,,,,,,,,,
,,Maluku Utara,,,,,,,,,,,
,,Maluku Utara,,,,,,,,,,,
,,Maluku Utara,,,,,,,,,,,
,,Maluku Utara,,,,,,,,,,,
,,Maluku Utara,,,,,,,,,,,
,,Maluku Utara,,,,,,,,,,,
,,Maluku Utara,,,,,,,,,,,
,,Maluku Utara,,,,,,,,,,,
,,Maluku Utara,,,,,,,,,,,
,,Maluku Utara,,,,,,,,,,,
,,Maluku Utara,,,,,,,,,,,
,,Maluku Utara,,,,,,,,,,,
,,Maluku Utara,,,,,,,,,,,
,,Maluku Utara,,,,,,,,,,,
,,Maluku Utara,,,,,,,,,,,
,,Maluku Utara,,,,,,,,,,,
,,Maluku Utara,,,,,,,,,,,
,,Maluku Utara,,,,,,,,,,,
,,Maluku Utara,,,,,,,,,,,
,,Maluku Utara,,,,,,,,,,,
,,Maluku Utara,,,,,,,,,,,
,,Maluku Utara,,,,,,,,,,,
,,Maluku Utara,,,,,,,,,,,
,,Maluku Utara,,,,,,,,,,,
,,Maluku Utara,,,,,,,,,,,
,,Maluku Utara,,,,,,,,,,,
,,Maluku Utara,,,,,,,,,,,
,,Maluku Utara,,,,,,,,,,,
,,Maluku Utara,,,,,,,,,,,
,,Maluku Utara,,,,,,,,,,,
,,Maluku Utara,,,,,,,,,,,
,,Maluku Utara,,,,,,,,,,,
,,Maluku Utara,,,,,,,,,,,
,,Maluku Utara,,,,,,,,,,,
,,Maluku Utara,,,,,,,,,,,
,,Maluku Utara,,,,,,,,,,,
,,Maluku Utara,,,,,,,,,,,
,,Maluku Utara,,,,,,,,,,,
,,Maluku Utara,,,,,,,,,,,
,,Maluku Utara,,,,,,,,,,,
,,Maluku Utara,,,,,,,,,,,
,,Maluku Utara,,,,,,,,,,,
,,Maluku Utara,,,,,,,,,,,
,,Maluku Utara,,,,,,,,,,,
,,Maluku Utara,,,,,,,,,,,
,,Maluku Utara,,,,,,,,,,,
,,Maluku Utara,,,,,,,,,,,
,,Maluku Utara,,,,,,,,,,,
,,Maluku Utara,,,,,,,,,,,
,,Maluku Utara,,,,,,,,,,,
,,Maluku Utara,,,,,,,,,,,
,,Maluku Utara,,,,,,,,,,,
,,Maluku Utara,,,,,,,,,,,
,,Maluku Utara,,,,,,,,,,,
,,Maluku Utara,,,,,,,,,,,
,,Maluku Utara,,,,,,,,,,,
,,Maluku Utara,,,,,,,,,,,
,,Maluku Utara,,,,,,,,,,,
,,Maluku Utara,,,,,,,,,,,
,,Maluku Utara,,,,,,,,,,,
,,Maluku Utara,,,,,,,,,,,
,,Maluku Utara,,,,,,,,,,,
,,Maluku Utara,,,,,,,,,,,
,,Maluku Utara,,,,,,,,,,,
,,Maluku Utara,,,,,,,,,,,
,,Maluku Utara,,,,,,,,,,,
,,Maluku Utara,,,,,,,,,,,
,,Maluku Utara,,,,,,,,,,,
,,Maluku Utara,,,,,,,,,,,
,,Maluku Utara,,,,,,,,,,,
,,Maluku Utara,,,,,,,,,,,
,,Maluku Utara,,,,,,,,,,,
,,Maluku Utara,,,,,,,,,,,
,,Maluku Utara,,,,,,,,,,,
,,Maluku Utara,,,,,,,,,,,
,,Maluku Utara,,,,,,,,,,,
,,Maluku Utara,,,,,,,,,,,
,,Maluku Utara,,,,,,,,,,,
,,Maluku Utara,,,,,,,,,,,
,,Maluku Utara,,,,,,,,,,,
,,Maluku Utara,,,,,,,,,,,
,,Maluku Utara,,,,,,,,,,,
,,Sulawesi Selatan,,,,,,,,,,,
,,Sulawesi Selatan,,,,,,,,,,,
,,Sulawesi Selatan,,,,,,,,,,,
,,Sulawesi Selatan,,,,,,,,,,,
,,Sulawesi Selatan,,,,,,,,,,,
,,Sulawesi Selatan,,,,,,,,,,,
,,Sulawesi Selatan,,,,,,,,,,,
,,Sulawesi Selatan,,,,,,,,,,,
,,Sulawesi Selatan,,,,,,,,,,,
,,Sulawesi Selatan,,,,,,,,,,,
,,Sulawesi Selatan,,,,,,,,,,,
,,Sulawesi Selatan,,,,,,,,,,,
,,Sulawesi Selatan,,,,,,,,,,,
,,Sulawesi Selatan,,,,,,,,,,,
,,Sulawesi Selatan,,,,,,,,,,,
,,Sulawesi Selatan,,,,,,,,,,,
,,Sulawesi Selatan,,,,,,,,,,,
,,Sulawesi Selatan,,,,,,,,,,,
,,Sulawesi Selatan,,,,,,,,,,,
,,Sulawesi Selatan,,,,,,,,,,,
,,Sulawesi Selatan,,,,,,,,,,,
,,Sulawesi Selatan,,,,,,,,,,,
,,Sulawesi Selatan,,,,,,,,,,,
,,Sulawesi Selatan,,,,,,,,,,,
,,Sulawesi Selatan,,,,,,,,,,,
,,Sumatera Barat,,,,,,,,,,,
,,Sumatera Barat,,,,,,,,,,,
,,Sumatera Barat,,,,,,,,,,,
,,Sumatera Barat,,,,,,,,,,,
,,Sumatera Barat,,,,,,,,,,,
,,Sumatera Barat,,,,,,,,,,,
,,Sumatera Barat,,,,,,,,,,,
,,Sumatera Barat,,,,,,,,,,,
,,Sumatera Barat,,,,,,,,,,,
,,Sumatera Barat,,,,,,,,,,,
,,Sumatera Barat,,,,,,,,,,,
,,Sumatera Barat,,,,,,,,,,,
,,Sumatera Barat,,,,,,,,,,,
,,Sumatera Barat,,,,,,,,,,,
,,Sumatera Barat,,,,,,,,,,,
,,Sumatera Barat,,,,,,,,,,,
,,Sumatera Barat,,,,,,,,,,,
,,Sumatera Barat,,,,,,,,,,,
,,Sumatera Barat,,,,,,,,,,,
,,Sumatera Barat,,,,,,,,,,,
,,Sumatera Barat,,,,,,,,,,,
,,Sumatera Barat,,,,,,,,,,,
,,Sumatera Barat,,,,,,,,,,,
,,Sumatera Barat,,,,,,,,,,,
,,Sumatera Barat,,,,,,,,,,,
,,Sumatera Barat,,,,,,,,,,,
,,Sumatera Barat,,,,,,,,,,,
,,Sumatera Barat,,,,,,,,,,,
,,Sumatera Barat,,,,,,,,,,,
,,Sumatera Barat,,,,,,,,,,,
,,Sumatera Barat,,,,,,,,,,,
,,Sumatera Barat,,,,,,,,,,,
,,Sumatera Barat,,,,,,,,,,,
,,Sumatera Barat,,,,,,,,,,,
,,Sumatera Barat,,,,,,,,,,,
,,Sumatera Barat,,,,,,,,,,,
,,Sumatera Barat,,,,,,,,,,,
,,Sumatera Barat,,,,,,,,,,,
,,Sumatera Barat,,,,,,,,,,,
,,Sumatera Barat,,,,,,,,,,,
,,Sumatera Barat,,,,,,,,,,,
,,Sumatera Barat,,,,,,,,,,,
,,Sumatera Barat,,,,,,,,,,,
,,Sumatera Barat,,,,,,,,,,,
,,Sumatera Barat,,,,,,,,,,,
,,Sumatera Barat,,,,,,,,,,,
,,Sumatera Barat,,,,,,,,,,,
,,Sumatera Barat,,,,,,,,,,,
,,Sumatera Barat,,,,,,,,,,,
,,Sumatera Barat,,,,,,,,,,,
,,Sumatera Barat,,,,,,,,,,,
,,Sumatera Barat,,,,,,,,,,,
,,Sumatera Barat,,,,,,,,,,,
,,Sumatera Barat,,,,,,,,,,,
,,Sumatera Barat,,,,,,,,,,,
,,Sumatera Barat,,,,,,,,,,,
,,Sumatera Barat,,,,,,,,,,,
,,Sumatera Barat,,,,,,,,,,,
,,Sumatera Barat,,,,,,,,,,,
,,Sumatera Barat,,,,,,,,,,,
,,Sumatera Barat,,,,,,,,,,,
,,Sumatera Barat,,,,,,,,,,,
,,Sumatera Barat,,,,,,,,,,,
,,Sumatera Barat,,,,,,,,,,,
,,Sumatera Barat,,,,,,,,,,,
,,Sumatera Barat,,,,,,,,,,,
,,Sumatera Barat,,,,,,,,,,,
,,Sumatera Barat,,,,,,,,,,,
,,Sumatera Barat,,,,,,,,,,,
,,Sumatera Barat,,,,,,,,,,,
,,Sumatera Barat,,,,,,,,,,,
,,Sumatera Barat,,,,,,,,,,,
,,Sumatera Barat,,,,,,,,,,,
,,Sumatera Barat,,,,,,,,,,,
,,Sumatera Barat,,,,,,,,,,,
,,Sumatera Barat,,,,,,,,,,,
,,Sumatera Barat,,,,,,,,,,,
,,Sumatera Barat,,,,,,,,,,,
,,Sumatera Barat,,,,,,,,,,,
,,Sumatera Barat,,,,,,,,,,,
,,Sumatera Barat,,,,,,,,,,,
,,Sumatera Barat,,,,,,,,,,,
,,Sumatera Barat,,,,,,,,,,,
,,Sumatera Barat,,,,,,,,,,,
,,Sumatera Barat,,,,,,,,,,,
,,Sumatera Barat,,,,,,,,,,,
,,Sumatera Barat,,,,,,,,,,,
,,Sumatera Barat,,,,,,,,,,,
,,Sumatera Barat,,,,,,,,,,,
,,Sumatera Barat,,,,,,,,,,,
,,Sumatera Barat,,,,,,,,,,,
,,Sumatera Barat,,,,,,,,,,,
,,Sumatera Barat,,,,,,,,,,,
,,Sumatera Barat,,,,,,,,,,,
,,Sumatera Barat,,,,,,,,,,,
,,Sumatera Barat,,,,,,,,,,,
,,Sumatera Barat,,,,,,,,,,,
,,Sumatera Barat,,,,,,,,,,,
,,Sumatera Barat,,,,,,,,,,,
,,Sumatera Barat,,,,,,,,,,,
,,Sumatera Utara,,,,,,,,,,,
,,Sumatera Utara,,,,,,,,,,,
,,Sumatera Utara,,,,,,,,,,,
,,Sumatera Utara,,,,,,,,,,,
,,Sumatera Utara,,,,,,,,,,,
,,Sumatera Utara,,,,,,,,,,,
,,Sumatera Utara,,,,,,,,,,,
,,Sumatera Utara,,,,,,,,,,,
,,Sumatera Utara,,,,,,,,,,,
,,Sumatera Utara,,,,,,,,,,,
,,Sumatera Utara,,,,,,,,,,,
,,Sumatera Utara,,,,,,,,,,,
,,Sumatera Utara,,,,,,,,,,,
,,Sumatera Utara,,,,,,,,,,,
,,Sumatera Utara,,,,,,,,,,,
,,Sumatera Utara,,,,,,,,,,,
,,Sumatera Utara,,,,,,,,,,,
,,Sumatera Utara,,,,,,,,,,,
,,Sumatera Utara,,,,,,,,,,,
,,Sumatera Utara,,,,,,,,,,,
,,Sumatera Utara,,,,,,,,,,,
,,Sumatera Utara,,,,,,,,,,,
,,Sumatera Utara,,,,,,,,,,,
,,Sumatera Utara,,,,,,,,,,,
,,Sumatera Utara,,,,,,,,,,,
,,Sumatera Utara,,,,,,,,,,,
,,Sumatera Utara,,,,,,,,,,,
,,Sumatera Utara,,,,,,,,,,,
,,Sumatera Utara,,,,,,,,,,,
,,Sumatera Utara,,,,,,,,,,,
,,Sumatera Utara,,,,,,,,,,,
,,Sumatera Utara,,,,,,,,,,,
,,Sumatera Utara,,,,,,,,,,,
,,Sumatera Utara,,,,,,,,,,,
,,Sumatera Utara,,,,,,,,,,,
,,Sumatera Utara,,,,,,,,,,,
,,Sumatera Utara,,,,,,,,,,,
,,Sumatera Utara,,,,,,,,,,,
,,Sumatera Utara,,,,,,,,,,,
,,Sumatera Utara,,,,,,,,,,,
,,Sumatera Utara,,,,,,,,,,,
,,Sumatera Utara,,,,,,,,,,,
,,Sumatera Utara,,,,,,,,,,,
,,Sumatera Utara,,,,,,,,,,,
,,Sumatera Utara,,,,,,,,,,,
,,Sumatera Utara,,,,,,,,,,,
,,Sumatera Utara,,,,,,,,,,,
,,Sumatera Utara,,,,,,,,,,,
,,Sumatera Utara,,,,,,,,,,,
,,Sumatera Utara,,,,,,,,,,,
,,Sumatera Utara,,,,,,,,,,,
,,Sumatera Utara,,,,,,,,,,,
,,Sumatera Utara,,,,,,,,,,,
,,Sumatera Utara,,,,,,,,,,,
,,Sumatera Utara,,,,,,,,,,,
,,Sumatera Utara,,,,,,,,,,,
,,Sumatera Utara,,,,,,,,,,,
,,Sumatera Utara,,,,,,,,,,,
,,Sumatera Utara,,,,,,,,,,,
,,Sumatera Utara,,,,,,,,,,,
,,Sumatera Utara,,,,,,,,,,,
,,Sumatera Utara,,,,,,,,,,,
,,Sumatera Utara,,,,,,,,,,,
,,Sumatera Utara,,,,,,,,,,,
,,Sumatera Utara,,,,,,,,,,,
,,Sumatera Utara,,,,,,,,,,,
,,Sumatera Utara,,,,,,,,,,,
,,Sumatera Utara,,,,,,,,,,,
,,Sumatera Utara,,,,,,,,,,,
,,Sumatera Utara,,,,,,,,,,,
,,Sumatera Utara,,,,,,,,,,,
,,Sumatera Utara,,,,,,,,,,,
,,Sumatera Utara,,,,,,,,,,,
,,Sumatera Utara,,,,,,,,,,,
,,Sumatera Utara,,,,,,,,,,,
,,Sumatera Utara,,,,,,,,,,,
,,Sumatera Utara,,,,,,,,,,,
,,Sumatera Utara,,,,,,,,,,,
,,Sumatera Utara,,,,,,,,,,,
,,Sumatera Utara,,,,,,,,,,,
,,Sumatera Utara,,,,,,,,,,,
,,Sumatera Utara,,,,,,,,,,,
,,Sumatera Utara,,,,,,,,,,,
,,Sumatera Utara,,,,,,,,,,,
,,Sumatera Utara,,,,,,,,,,,
,,Sumatera Utara,,,,,,,,,,,
,,Sumatera Utara,,,,,,,,,,,
,,Sumatera Utara,,,,,,,,,,,
,,Sumatera Utara,,,,,,,,,,,
,,Sumatera Utara,,,,,,,,,,,
,,Sumatera Utara,,,,,,,,,,,
,,Sumatera Utara,,,,,,,,,,,
,,Sumatera Utara,,,,,,,,,,,
,,Sumatera Utara,,,,,,,,,,,
,,Sumatera Utara,,,,,,,,,,,
,,Sumatera Utara,,,,,,,,,,,
,,Sumatera Utara,,,,,,,,,,,
,,Sumatera Utara,,,,,,,,,,,
,,Sumatera Utara,,,,,,,,,,,
,,Sumatera Utara,,,,,,,,,,,
,,Sumatera Utara,,,,,,,,,,,
,,Sumatera Utara,,,,,,,,,,,
,,Sumatera Utara,,,,,,,,,,,
,,Sumatera Utara,,,,,,,,,,,
,,Sumatera Utara,,,,,,,,,,,
,,Sumatera Utara,,,,,,,,,,,
,,Sumatera Utara,,,,,,,,,,,
,,Sumatera Utara,,,,,,,,,,,
,,Sumatera Utara,,,,,,,,,,,
,,Sumatera Utara,,,,,,,,,,,
,,Sumatera Utara,,,,,,,,,,,
,,Sumatera Utara,,,,,,,,,,,
,,Sumatera Utara,,,,,,,,,,,
,,Sumatera Utara,,,,,,,,,,,
,,Sumatera Utara,,,,,,,,,,,
,,Sumatera Utara,,,,,,,,,,,
,,Sumatera Utara,,,,,,,,,,,
,,Sumatera Utara,,,,,,,,,,,
,,Sumatera Utara,,,,,,,,,,,
,,Sumatera Utara,,,,,,,,,,,
,,Sumatera Utara,,,,,,,,,,,
,,Sumatera Utara,,,,,,,,,,,
,,Sumatera Utara,,,,,,,,,,,
,,Sumatera Utara,,,,,,,,,,,
,,Sumatera Utara,,,,,,,,,,,
